files,
.DS_Store,
2k_earth_daymap.jpg,
8k_earth_daymap.jpg,
BC_terrain.png,
ct5km_ssta_v3.1_20150101.png,
ct5km_ssta_v3.1_20150102.png,
ct5km_ssta_v3.1_20150103.png,
ct5km_ssta_v3.1_20150104.png,
ct5km_ssta_v3.1_20150105.png,
ct5km_ssta_v3.1_20150106.png,
ct5km_ssta_v3.1_20150107.png,
ct5km_ssta_v3.1_20150108.png,
ct5km_ssta_v3.1_20150109.png,
ct5km_ssta_v3.1_20150110.png,
ct5km_ssta_v3.1_20150111.png,
ct5km_ssta_v3.1_20150113.png,
ct5km_ssta_v3.1_20150114.png,
ct5km_ssta_v3.1_20150115.png,
ct5km_ssta_v3.1_20150118.png,
ct5km_ssta_v3.1_20150119.png,
ct5km_ssta_v3.1_20150120.png,
ct5km_ssta_v3.1_20150121.png,
ct5km_ssta_v3.1_20150122.png,
ct5km_ssta_v3.1_20150123.png,
ct5km_ssta_v3.1_20150125.png,
ct5km_ssta_v3.1_20150126.png,
ct5km_ssta_v3.1_20150127.png,
ct5km_ssta_v3.1_20150128.png,
ct5km_ssta_v3.1_20150129.png,
ct5km_ssta_v3.1_20150130.png,
ct5km_ssta_v3.1_20150131.png,
ct5km_ssta_v3.1_20150201.png,
ct5km_ssta_v3.1_20150202.png,
ct5km_ssta_v3.1_20150203.png,
ct5km_ssta_v3.1_20150204.png,
ct5km_ssta_v3.1_20150205.png,
ct5km_ssta_v3.1_20150206.png,
ct5km_ssta_v3.1_20150207.png,
ct5km_ssta_v3.1_20150208.png,
ct5km_ssta_v3.1_20150209.png,
ct5km_ssta_v3.1_20150210.png,
ct5km_ssta_v3.1_20150211.png,
ct5km_ssta_v3.1_20150212.png,
ct5km_ssta_v3.1_20150213.png,
ct5km_ssta_v3.1_20150214.png,
ct5km_ssta_v3.1_20150215.png,
ct5km_ssta_v3.1_20150216.png,
ct5km_ssta_v3.1_20150217.png,
ct5km_ssta_v3.1_20150218.png,
ct5km_ssta_v3.1_20150219.png,
ct5km_ssta_v3.1_20150220.png,
ct5km_ssta_v3.1_20150221.png,
ct5km_ssta_v3.1_20150222.png,
ct5km_ssta_v3.1_20150223.png,
ct5km_ssta_v3.1_20150224.png,
ct5km_ssta_v3.1_20150225.png,
ct5km_ssta_v3.1_20150226.png,
ct5km_ssta_v3.1_20150227.png,
ct5km_ssta_v3.1_20150301.png,
ct5km_ssta_v3.1_20150302.png,
ct5km_ssta_v3.1_20150303.png,
ct5km_ssta_v3.1_20150304.png,
ct5km_ssta_v3.1_20150305.png,
ct5km_ssta_v3.1_20150306.png,
ct5km_ssta_v3.1_20150307.png,
ct5km_ssta_v3.1_20150308.png,
ct5km_ssta_v3.1_20150309.png,
ct5km_ssta_v3.1_20150310.png,
ct5km_ssta_v3.1_20150311.png,
ct5km_ssta_v3.1_20150312.png,
ct5km_ssta_v3.1_20150313.png,
ct5km_ssta_v3.1_20150314.png,
ct5km_ssta_v3.1_20150315.png,
ct5km_ssta_v3.1_20150316.png,
ct5km_ssta_v3.1_20150317.png,
ct5km_ssta_v3.1_20150318.png,
ct5km_ssta_v3.1_20150319.png,
ct5km_ssta_v3.1_20150320.png,
ct5km_ssta_v3.1_20150321.png,
ct5km_ssta_v3.1_20150322.png,
ct5km_ssta_v3.1_20150323.png,
ct5km_ssta_v3.1_20150324.png,
ct5km_ssta_v3.1_20150325.png,
ct5km_ssta_v3.1_20150326.png,
ct5km_ssta_v3.1_20150327.png,
ct5km_ssta_v3.1_20150328.png,
ct5km_ssta_v3.1_20150329.png,
ct5km_ssta_v3.1_20150330.png,
ct5km_ssta_v3.1_20150331.png,
ct5km_ssta_v3.1_20150401.png,
ct5km_ssta_v3.1_20150402.png,
ct5km_ssta_v3.1_20150403.png,
ct5km_ssta_v3.1_20150404.png,
ct5km_ssta_v3.1_20150405.png,
ct5km_ssta_v3.1_20150406.png,
ct5km_ssta_v3.1_20150407.png,
ct5km_ssta_v3.1_20150408.png,
ct5km_ssta_v3.1_20150409.png,
ct5km_ssta_v3.1_20150410.png,
ct5km_ssta_v3.1_20150411.png,
ct5km_ssta_v3.1_20150412.png,
ct5km_ssta_v3.1_20150413.png,
ct5km_ssta_v3.1_20150414.png,
ct5km_ssta_v3.1_20150415.png,
ct5km_ssta_v3.1_20150711.png